{"cameraMode":{"drawMode":0,"name":"Shaded","section":"Shading Mode"},"sceneLighting":true,"audioPlay":false,"sceneViewState":{"showFog":true,"showMaterialUpdate":false,"showSkybox":true,"showFlares":true,"showImageEffects":true,"showParticleSystems":true},"in2DMode":false,"pivot":{"x":920.473876953125,"y":204.86026000976563,"z":194.47108459472657},"rotation":{"x":0.0572655163705349,"y":0.021273065358400346,"z":-0.001221805578097701,"w":0.998137354850769},"size":2165.570068359375,"orthographic":false}